First Name,Last Name,Email,Phone,Address,City,State,Zip Code,Country,Company,Notes
Sheryl,Baxter,zunigavanessa@smith.info,229.077.5154,123 Main St,Los Angeles,CA,90210,United States,Rasmussen Group,Customer since 2020-08-24
Preston,Lozano,vmata@colon.com,5153435776,456 Oak Ave,New York,NY,10001,United States,Vega-Gentry,Customer since 2021-04-23
Roy,Berry,beckycarr@hogan.com,+1-539-402-0259,789 Elm Blvd,Dallas,TX,75001,United States,Murillo-Perry,Customer since 2020-03-25
Linda,Olsen,stanleyblackwell@benson.org,001-808-617-6467x12895,321 Pine Rd,Miami,FL,33101,United States,"Dominguez, Mcmillan and Donovan",Customer since 2020-06-02
Joanna,Bender,colinalvarado@miles.net,001-234-203-0635x76146,654 Maple Dr,Chicago,IL,60601,United States,"Martin, Lang and Andrade",Customer since 2021-04-17
Aimee,Downs,louis27@gilbert.com,(283)437-3886x88321,987 Cedar Ln,Philadelphia,PA,19101,United States,Steele Group,Customer since 2020-02-25
Darren,Peck,tgates@cantrell.com,(496)452-6181x3291,111 Birch Way,Columbus,OH,43201,United States,"Lester, Woodard and Mitchell",Customer since 2021-08-24
Brett,Mullen,asnow@colon.com,001-583-352-7197x297,222 Walnut St,Atlanta,GA,30301,United States,"Sanford, Davenport and Giles",Customer since 2021-04-12
Sheryl,Meyers,mariokhan@ryan-pope.org,854-138-4911x5772,333 Spruce Ave,Raleigh,NC,27601,United States,Browning-Simon,Customer since 2020-01-13
Michelle,Gallagher,mdyer@escobar.net,739.218.2516x459,444 Ash Rd,Detroit,MI,48201,United States,Beck-Hendrix,Customer since 2021-11-08
Carl,Schroeder,kirksalas@webb.com,637-854-0256x825,555 Willow Dr,Seattle,WA,98101,United States,"Oconnell, Meza and Everett",Customer since 2021-10-20
Jenna,Dodson,mark42@robbins.com,(041)737-3846,666 Cherry Ln,Phoenix,AZ,85001,United States,"Hoffman, Reed and Mcclain",Customer since 2020-11-29
Tracey,Mata,alex56@walls.org,001-949-844-8787,777 Poplar Way,Boston,MA,02101,United States,Graham-Francis,Customer since 2021-12-02
Kristine,Cox,holdenmiranda@clarke.com,786-284-3358x62152,888 Hickory St,Nashville,TN,37201,United States,Carpenter-Cook,Customer since 2021-02-08
Faith,Lutz,cassieparrish@blevins-chapman.net,(781)861-7180x8306,999 Sycamore Ave,St. Louis,MO,63101,United States,Carter-Hancock,Customer since 2022-01-26
Miranda,Beasley,vduncan@parks-hardy.com,540.085.3135x185,1010 Magnolia Blvd,Baltimore,MD,21201,United States,Singleton and Sons,Customer since 2022-04-12
Caroline,Foley,holtgwendolyn@watson-davenport.com,936.222.4746x9924,1111 Dogwood Rd,Milwaukee,WI,53201,United States,Winters-Mendoza,Customer since 2021-03-10
Greg,Mata,jaredjuarez@carroll.org,(701)087-2415,1212 Juniper Dr,Minneapolis,MN,55401,United States,Valentine LLC,Customer since 2022-03-26
Clifford,Jacobson,joseph26@jacobson.com,001-151-330-3524x0469,1313 Hazel Ln,Denver,CO,80201,United States,Simon LLC,Customer since 2020-09-24
Joanna,Kirk,tuckerangie@salazar.net,(266)131-7001x711,1414 Laurel Way,Birmingham,AL,35201,United States,Mays-Mccormick,Customer since 2021-09-24
Maxwell,Frye,fgibson@drake-webb.com,423.262.3059,1515 Beech St,Columbia,SC,29201,United States,Patterson Inc,Customer since 2022-01-12
Kiara,Houston,blanchardbob@wallace-shannon.com,001-274-040-3582x10611,1616 Chestnut Ave,New Orleans,LA,70101,United States,"Manning, Hester and Arroyo",Customer since 2020-09-15
Colleen,Howard,rsingleton@ryan-cherry.com,1935085151,1717 Redwood Rd,Louisville,KY,40201,United States,Greer and Sons,Customer since 2020-08-19
Janet,Valenzuela,stefanie71@spence.com,354.259.5062x7538,1818 Sequoia Dr,Portland,OR,97201,United States,Watts-Donaldson,Customer since 2020-09-08
Shane,Wilcox,mariah88@santos.com,(429)005-9030x11004,1919 Cypress Ln,Oklahoma City,OK,73101,United States,Tucker LLC,Customer since 2021-04-06
Marcus,Moody,donnamullins@norris-barrett.org,674-677-8623,2020 Palm Way,Hartford,CT,06101,United States,Giles Ltd,Customer since 2022-05-24
Dakota,Poole,stacey67@fields.org,(371)987-8576x4720,2121 Fig St,Salt Lake City,UT,84101,United States,Simmons Group,Customer since 2022-02-20
Frederick,Harper,jacobkhan@bright.biz,+1-077-121-1558x0687,2222 Olive Ave,Las Vegas,NV,89101,United States,"Hinton, Chaney and Stokes",Customer since 2022-05-26
Stefanie,Fitzpatrick,wterrell@clark.com,(752)776-3286,2323 Peach Blvd,Little Rock,AR,72201,United States,Santana-Duran,Customer since 2020-07-30
Kent,Bradshaw,qjimenez@boyd.com,+1-472-143-5037x884,2424 Plum Rd,Jackson,MS,39201,United States,Sawyer PLC,Customer since 2020-04-26
